[
    {
        "id": 0,
        "year": "2020",
        "title": "我的第五篇博客",
        "body": "Lorem ipsum dolor sit amet consectetur adipisicing elit. Culpa quas sunt adipisci accusamus magnam quidem nam dolores in repellendus eum."
    },
    {
        "id": 1,
        "year": "2019",
        "title": "我的第四篇博客",
        "body": "Lorem ipsum dolor sit amet consectetur, adipisicing elit. Voluptatum, voluptatem quisquam eaque culpa quae hic ab ratione."
    },
    {
        "id": 2,
        "year": "2018",
        "title": "我的第三篇博客",
        "body": "Lorem ipsum dolor sit amet consectetur adipisicing elit. Libero eligendi saepe consequuntur omnis quo quam."
    },
    {
        "id": 3,
        "year": "2017",
        "title": "我的第二篇博客",
        "body": "Lorem ipsum dolor, sit amet consectetur adipisicing elit. Dicta eius ipsa tenetur perferendis incidunt aliquam ullam at, nulla quas?"
    },
    {
        "id": 4,
        "year": "2016",
        "title": "我的第一篇博客",
        "body": "Lorem ipsum, dolor sit amet consectetur adipisicing elit. Consequatur voluptate est libero commodi vero maxime, rerum error perferendis, repellat amet reiciendis!"
    }
]